{
  "hash": "60d0b1c6",
  "configHash": "2fee457a",
  "lockfileHash": "5a5ee74e",
  "browserHash": "5876290c",
  "optimized": {
    "@angular/common": {
      "src": "../../../../../../node_modules/@angular/common/fesm2022/common.mjs",
      "file": "@angular_common.js",
      "fileHash": "7610e463",
      "needsInterop": false
    },
    "@angular/common/http": {
      "src": "../../../../../../node_modules/@angular/common/fesm2022/http.mjs",
      "file": "@angular_common_http.js",
      "fileHash": "79c9f4a6",
      "needsInterop": false
    },
    "@angular/core": {
      "src": "../../../../../../node_modules/@angular/core/fesm2022/core.mjs",
      "file": "@angular_core.js",
      "fileHash": "3f351029",
      "needsInterop": false
    },
    "@angular/forms": {
      "src": "../../../../../../node_modules/@angular/forms/fesm2022/forms.mjs",
      "file": "@angular_forms.js",
      "fileHash": "938d73e9",
      "needsInterop": false
    },
    "@angular/platform-browser": {
      "src": "../../../../../../node_modules/@angular/platform-browser/fesm2022/platform-browser.mjs",
      "file": "@angular_platform-browser.js",
      "fileHash": "c4642d90",
      "needsInterop": false
    },
    "@angular/router": {
      "src": "../../../../../../node_modules/@angular/router/fesm2022/router.mjs",
      "file": "@angular_router.js",
      "fileHash": "4fa094c8",
      "needsInterop": false
    }
  },
  "chunks": {
    "chunk-E2X7F25W": {
      "file": "chunk-E2X7F25W.js"
    },
    "chunk-2LFFPLM5": {
      "file": "chunk-2LFFPLM5.js"
    },
    "chunk-KOUZRL47": {
      "file": "chunk-KOUZRL47.js"
    },
    "chunk-FRXTEGWH": {
      "file": "chunk-FRXTEGWH.js"
    },
    "chunk-LKBYGJ3F": {
      "file": "chunk-LKBYGJ3F.js"
    }
  }
}