{
  "hash": "50efdd61",
  "configHash": "ebaabe0d",
  "lockfileHash": "5a5ee74e",
  "browserHash": "d122304f",
  "optimized": {
    "@angular/common": {
      "src": "../../../../../../node_modules/@angular/common/fesm2022/common.mjs",
      "file": "@angular_common.js",
      "fileHash": "c374916b",
      "needsInterop": false
    },
    "@angular/common/http": {
      "src": "../../../../../../node_modules/@angular/common/fesm2022/http.mjs",
      "file": "@angular_common_http.js",
      "fileHash": "18b3ad1b",
      "needsInterop": false
    },
    "@angular/core": {
      "src": "../../../../../../node_modules/@angular/core/fesm2022/core.mjs",
      "file": "@angular_core.js",
      "fileHash": "15e9aa37",
      "needsInterop": false
    },
    "@angular/forms": {
      "src": "../../../../../../node_modules/@angular/forms/fesm2022/forms.mjs",
      "file": "@angular_forms.js",
      "fileHash": "1a653b65",
      "needsInterop": false
    },
    "@angular/platform-browser": {
      "src": "../../../../../../node_modules/@angular/platform-browser/fesm2022/platform-browser.mjs",
      "file": "@angular_platform-browser.js",
      "fileHash": "3c4e5d24",
      "needsInterop": false
    },
    "@angular/router": {
      "src": "../../../../../../node_modules/@angular/router/fesm2022/router.mjs",
      "file": "@angular_router.js",
      "fileHash": "540d10ed",
      "needsInterop": false
    },
    "rxjs": {
      "src": "../../../../../../node_modules/rxjs/dist/esm5/index.js",
      "file": "rxjs.js",
      "fileHash": "02405ab9",
      "needsInterop": false
    }
  },
  "chunks": {
    "chunk-UNSIA4N5": {
      "file": "chunk-UNSIA4N5.js"
    },
    "chunk-56GADUAT": {
      "file": "chunk-56GADUAT.js"
    },
    "chunk-C4YZQ674": {
      "file": "chunk-C4YZQ674.js"
    },
    "chunk-CF3R7NKO": {
      "file": "chunk-CF3R7NKO.js"
    },
    "chunk-MTES5EJZ": {
      "file": "chunk-MTES5EJZ.js"
    },
    "chunk-S35MAB2V": {
      "file": "chunk-S35MAB2V.js"
    }
  }
}