{
  "hash": "9cc62a60",
  "configHash": "07ff9283",
  "lockfileHash": "5a5ee74e",
  "browserHash": "c8cb07d0",
  "optimized": {
    "@angular/common": {
      "src": "../../../../../../node_modules/@angular/common/fesm2022/common.mjs",
      "file": "@angular_common.js",
      "fileHash": "3b33090f",
      "needsInterop": false
    },
    "@angular/common/http": {
      "src": "../../../../../../node_modules/@angular/common/fesm2022/http.mjs",
      "file": "@angular_common_http.js",
      "fileHash": "26054d5e",
      "needsInterop": false
    },
    "@angular/core": {
      "src": "../../../../../../node_modules/@angular/core/fesm2022/core.mjs",
      "file": "@angular_core.js",
      "fileHash": "4f25f58f",
      "needsInterop": false
    },
    "@angular/forms": {
      "src": "../../../../../../node_modules/@angular/forms/fesm2022/forms.mjs",
      "file": "@angular_forms.js",
      "fileHash": "a4107bf8",
      "needsInterop": false
    },
    "@angular/platform-browser": {
      "src": "../../../../../../node_modules/@angular/platform-browser/fesm2022/platform-browser.mjs",
      "file": "@angular_platform-browser.js",
      "fileHash": "363bf831",
      "needsInterop": false
    },
    "@angular/router": {
      "src": "../../../../../../node_modules/@angular/router/fesm2022/router.mjs",
      "file": "@angular_router.js",
      "fileHash": "5c78a5ac",
      "needsInterop": false
    },
    "rxjs": {
      "src": "../../../../../../node_modules/rxjs/dist/esm5/index.js",
      "file": "rxjs.js",
      "fileHash": "d3073882",
      "needsInterop": false
    }
  },
  "chunks": {
    "chunk-UNSIA4N5": {
      "file": "chunk-UNSIA4N5.js"
    },
    "chunk-56GADUAT": {
      "file": "chunk-56GADUAT.js"
    },
    "chunk-C4YZQ674": {
      "file": "chunk-C4YZQ674.js"
    },
    "chunk-CF3R7NKO": {
      "file": "chunk-CF3R7NKO.js"
    },
    "chunk-MTES5EJZ": {
      "file": "chunk-MTES5EJZ.js"
    },
    "chunk-S35MAB2V": {
      "file": "chunk-S35MAB2V.js"
    }
  }
}